-- phpMyAdmin SQL Dump
-- version 5.1.3
-- https://www.phpmyadmin.net/
--
-- Servidor: 127.0.0.1
-- Tiempo de generación: 03-06-2022 a las 16:30:44
-- Versión del servidor: 10.4.24-MariaDB
-- Versión de PHP: 7.4.29

SET SQL_MODE = "NO_AUTO_VALUE_ON_ZERO";
START TRANSACTION;
SET time_zone = "+00:00";


/*!40101 SET @OLD_CHARACTER_SET_CLIENT=@@CHARACTER_SET_CLIENT */;
/*!40101 SET @OLD_CHARACTER_SET_RESULTS=@@CHARACTER_SET_RESULTS */;
/*!40101 SET @OLD_COLLATION_CONNECTION=@@COLLATION_CONNECTION */;
/*!40101 SET NAMES utf8mb4 */;

--
-- Base de datos: `bioscar`
--

-- --------------------------------------------------------

--
-- Estructura de tabla para la tabla `brand`
--

CREATE TABLE `brand` (
  `cod_brand` varchar(20) NOT NULL,
  `brand_name` text NOT NULL,
  `brand_img` varchar(1000) NOT NULL
) ENGINE=InnoDB DEFAULT CHARSET=utf8mb4;

--
-- Volcado de datos para la tabla `brand`
--

INSERT INTO `brand` (`cod_brand`, `brand_name`, `brand_img`) VALUES
('AU', 'AUDI', 'logo_audi.jpg\r\n'),
('BM', 'BMW', 'logo_bmw.jpg'),
('DA', 'DACIA', 'logo_dacia.jpg'),
('FE', 'FERRARI', 'logo_ferrari.jpg'),
('FR', 'FORD', 'logo_ford.jpg'),
('HY', 'HYUNDAI', 'logo_hyundai.jpg\r\n'),
('LM', 'LAMBORGHINI', 'logo_lamborghini.jpg'),
('ME', 'MERCEDES', 'logo_mercedes.jpg'),
('OP', 'OPEL', 'logo_opel.jpg'),
('RE', 'RENAULT', 'logo_renault.jpg'),
('SE', 'SEAT', 'logo_seat.jpg'),
('TS', 'TESLA', 'logo_tesla.jpg');

-- --------------------------------------------------------

--
-- Estructura de tabla para la tabla `cars`
--

CREATE TABLE `cars` (
  `id` int(20) NOT NULL,
  `numrack` varchar(20) NOT NULL,
  `cod_model` varchar(20) NOT NULL,
  `enrolment` varchar(10) NOT NULL,
  `exchange` text NOT NULL,
  `color` text NOT NULL,
  `cod_type` varchar(20) NOT NULL,
  `km` int(20) NOT NULL,
  `doors` int(20) NOT NULL,
  `date` date NOT NULL,
  `extras` text NOT NULL,
  `cod_category` varchar(20) NOT NULL,
  `car_img` varchar(1000) NOT NULL,
  `lat` float NOT NULL,
  `lon` float NOT NULL,
  `city` varchar(50) NOT NULL,
  `price` int(11) NOT NULL,
  `count` int(255) NOT NULL
) ENGINE=InnoDB DEFAULT CHARSET=utf8mb4;

--
-- Volcado de datos para la tabla `cars`
--

INSERT INTO `cars` (`id`, `numrack`, `cod_model`, `enrolment`, `exchange`, `color`, `cod_type`, `km`, `doors`, `date`, `extras`, `cod_category`, `car_img`, `lat`, `lon`, `city`, `price`, `count`) VALUES
(1, '05525', 'FO', '2556HRM', 'AUTOMATIC', 'BLUE', 'EL', 120, 5, '2020-04-10', 'sensor', 'KM', 'ford_focus.jpg', 38.8214, -0.609692, 'Ontinyent', 25000, 150),
(2, '03565602', 'EN', '2656JTR', 'AUTOMATIC', 'RED', 'HY', 27852, 3, '2022-02-01', 'sensor', '2M', 'ferrari_enzo.jpg', 39.4697, -0.376335, 'Valencia', 250000, 47),
(3, '2566', 'FI', '2036HTW', 'MANUAL', 'WHITE', 'GAS', 6980, 3, '2020-04-17', 'camera', '2M', 'ford_fiesta.jpg', 38.8387, -0.518189, 'Albaida', 14000, 34),
(4, '26562603sF', 'UR', '0239LNG', 'AUTOMATIC', 'YELLOW', 'GAS', 12000, 5, '2019-04-05', '4x4', 'GR', 'lamborghini_urus.jpg', 41.3829, 2.17743, 'Barcelona', 150000, 31),
(5, '1023153212d', 'KA', '7692BSR', 'MANUAL', 'BLUE', 'GAS', 199586, 3, '2002-02-20', 'sin', '2M', 'ford_ka.jpg', 38.3436, -0.488171, 'Alacant', 2500, 36),
(6, '1212sf054', 'MS', '2363LKN', 'AUTOMATIC', 'BLACK', 'EL', 200, 5, '2021-10-21', 'tesla', 'KM', 'tesla_model-s.jpg', 38.7913, 0.176699, 'Javea', 68000, 143);

-- --------------------------------------------------------

--
-- Estructura de tabla para la tabla `category`
--

CREATE TABLE `category` (
  `cod_category` varchar(20) NOT NULL,
  `category_name` varchar(20) NOT NULL,
  `category_img` varchar(20) NOT NULL
) ENGINE=InnoDB DEFAULT CHARSET=utf8mb4;

--
-- Volcado de datos para la tabla `category`
--

INSERT INTO `category` (`cod_category`, `category_name`, `category_img`) VALUES
('2M', '2HAND', 'coches_2mano.jpg'),
('GR', 'WARRANTY CARS', 'coches_nuevos.jpg'),
('KM', 'KM0 CARS', 'coches_km0.jpg');

-- --------------------------------------------------------

--
-- Estructura de tabla para la tabla `exceptions`
--

CREATE TABLE `exceptions` (
  `404` varchar(30) NOT NULL,
  `503` varchar(30) NOT NULL
) ENGINE=InnoDB DEFAULT CHARSET=utf8mb4;

--
-- Volcado de datos para la tabla `exceptions`
--

INSERT INTO `exceptions` (`404`, `503`) VALUES
('ERROR 404', ''),
('ERROR 404', 'ERROR 503'),
('ERROR 404', ''),
('ERROR 404', ''),
('ERROR 404', ''),
('', 'ERROR 503'),
('', 'ERROR 503'),
('', 'ERROR 503'),
('', 'ERROR 503'),
('', 'ERROR 503'),
('', 'ERROR 503'),
('', 'ERROR 503'),
('', 'ERROR 503'),
('', 'ERROR 503'),
('', 'ERROR 503'),
('ERROR 404', ''),
('ERROR 404', ''),
('ERROR 404', ''),
('', 'ERROR 503'),
('', 'ERROR 503'),
('', 'ERROR 503'),
('', 'ERROR 503'),
('', 'ERROR 503'),
('', 'ERROR 503'),
('ERROR 404', ''),
('ERROR 404', ''),
('ERROR 404', ''),
('ERROR 404', ''),
('ERROR 404', ''),
('ERROR 404', ''),
('ERROR 404', ''),
('ERROR 404', ''),
('ERROR 404', ''),
('ERROR 404', ''),
('ERROR 404', ''),
('ERROR 404', ''),
('ERROR 404', ''),
('ERROR 404', ''),
('ERROR 404', ''),
('ERROR 404', ''),
('ERROR 404', ''),
('ERROR 404', ''),
('ERROR 404', ''),
('ERROR 404', ''),
('ERROR 404', ''),
('ERROR 404', ''),
('ERROR 404', ''),
('ERROR 404', ''),
('', 'ERROR 503'),
('', 'ERROR 503'),
('', 'ERROR 503'),
('', 'ERROR 503'),
('', 'ERROR 503'),
('', 'ERROR 503'),
('', 'ERROR 503'),
('', 'ERROR 503'),
('', 'ERROR 503'),
('', 'ERROR 503'),
('', 'ERROR 503'),
('', 'ERROR 503'),
('', 'ERROR 503'),
('', 'ERROR 503'),
('', 'ERROR 503'),
('', 'ERROR 503'),
('', 'ERROR 503'),
('', 'ERROR 503'),
('', 'ERROR 503'),
('', 'ERROR 503'),
('', 'ERROR 503'),
('', 'ERROR 503'),
('', 'ERROR 503'),
('', 'ERROR 503'),
('', 'ERROR 503'),
('', 'ERROR 503'),
('', 'ERROR 503'),
('', 'ERROR 503'),
('', 'ERROR 503'),
('', 'ERROR 503'),
('', 'ERROR 503'),
('', 'ERROR 503'),
('', 'ERROR 503'),
('', 'ERROR 503'),
('', 'ERROR 503'),
('', 'ERROR 503'),
('', 'ERROR 503'),
('', 'ERROR 503'),
('', 'ERROR 503'),
('', 'ERROR 503'),
('', 'ERROR 503'),
('', 'ERROR 503'),
('', 'ERROR 503'),
('', 'ERROR 503'),
('', 'ERROR 503'),
('', 'ERROR 503'),
('', 'ERROR 503'),
('', 'ERROR 503'),
('', 'ERROR 503'),
('', 'ERROR 503'),
('', 'ERROR 503'),
('', 'ERROR 503'),
('', 'ERROR 503'),
('', 'ERROR 503'),
('', 'ERROR 503'),
('', 'ERROR 503'),
('', 'ERROR 503'),
('', 'ERROR 503'),
('', 'ERROR 503'),
('', 'ERROR 503'),
('', 'ERROR 503'),
('', 'ERROR 503'),
('', 'ERROR 503'),
('', 'ERROR 503'),
('', 'ERROR 503'),
('', 'ERROR 503'),
('', 'ERROR 503'),
('', 'ERROR 503'),
('', 'ERROR 503'),
('', 'ERROR 503'),
('', 'ERROR 503'),
('', 'ERROR 503'),
('', 'ERROR 503'),
('', 'ERROR 503'),
('', 'ERROR 503'),
('', 'ERROR 503'),
('', 'ERROR 503'),
('', 'ERROR 503'),
('', 'ERROR 503'),
('', 'ERROR 503'),
('', 'ERROR 503'),
('', 'ERROR 503'),
('', 'ERROR 503'),
('', 'ERROR 503'),
('', 'ERROR 503'),
('', 'ERROR 503'),
('', 'ERROR 503'),
('', 'ERROR 503'),
('', 'ERROR 503'),
('', 'ERROR 503'),
('', 'ERROR 503'),
('', 'ERROR 503'),
('', 'ERROR 503'),
('', 'ERROR 503'),
('', 'ERROR 503'),
('', 'ERROR 503'),
('', 'ERROR 503'),
('', 'ERROR 503'),
('', 'ERROR 503'),
('', 'ERROR 503'),
('', 'ERROR 503'),
('', 'ERROR 503'),
('', 'ERROR 503'),
('ERROR 404', ''),
('ERROR 404', ''),
('ERROR 404', ''),
('ERROR 404', ''),
('ERROR 404', ''),
('ERROR 404', ''),
('ERROR 404', ''),
('ERROR 404', ''),
('ERROR 404', ''),
('ERROR 404', ''),
('ERROR 404', ''),
('ERROR 404', ''),
('ERROR 404', ''),
('ERROR 404', ''),
('ERROR 404', ''),
('ERROR 404', ''),
('ERROR 404', ''),
('ERROR 404', ''),
('ERROR 404', ''),
('ERROR 404', ''),
('', 'ERROR 503'),
('', 'ERROR 503'),
('', 'ERROR 503'),
('', 'ERROR 503'),
('', 'ERROR 503'),
('', 'ERROR 503'),
('', 'ERROR 503'),
('', 'ERROR 503'),
('', 'ERROR 503'),
('ERROR 404', ''),
('ERROR 404', ''),
('', 'ERROR 503'),
('', 'ERROR 503'),
('', 'ERROR 503'),
('', 'ERROR 503'),
('', 'ERROR 503'),
('', 'ERROR 503'),
('', 'ERROR 503'),
('', 'ERROR 503'),
('', 'ERROR 503'),
('', 'ERROR 503'),
('', 'ERROR 503'),
('', 'ERROR 503'),
('', 'ERROR 503'),
('', 'ERROR 503'),
('', 'ERROR 503'),
('', 'ERROR 503'),
('', 'ERROR 503'),
('', 'ERROR 503'),
('', 'ERROR 503'),
('', 'ERROR 503'),
('', 'ERROR 503'),
('', 'ERROR 503'),
('', 'ERROR 503'),
('', 'ERROR 503'),
('', 'ERROR 503'),
('', 'ERROR 503'),
('', 'ERROR 503'),
('', 'ERROR 503'),
('', 'ERROR 503'),
('', 'ERROR 503'),
('', 'ERROR 503'),
('', 'ERROR 503'),
('', 'ERROR 503'),
('', 'ERROR 503'),
('', 'ERROR 503'),
('', 'ERROR 503'),
('', 'ERROR 503'),
('', 'ERROR 503'),
('', 'ERROR 503'),
('', 'ERROR 503'),
('', 'ERROR 503'),
('ERROR 404', ''),
('ERROR 404', ''),
('', 'ERROR 503'),
('', 'ERROR 503'),
('', 'ERROR 503'),
('', 'ERROR 503'),
('', 'ERROR 503'),
('', 'ERROR 503'),
('ERROR 404', ''),
('ERROR 404', ''),
('ERROR 404', ''),
('ERROR 404', ''),
('ERROR 404', ''),
('ERROR 404', ''),
('ERROR 404', ''),
('ERROR 404', ''),
('ERROR 404', ''),
('ERROR 404', ''),
('ERROR 404', ''),
('ERROR 404', ''),
('ERROR 404', ''),
('ERROR 404', ''),
('ERROR 404', ''),
('ERROR 404', ''),
('ERROR 404', ''),
('ERROR 404', ''),
('ERROR 404', ''),
('ERROR 404', ''),
('ERROR 404', ''),
('ERROR 404', ''),
('ERROR 404', ''),
('ERROR 404', ''),
('ERROR 404', ''),
('ERROR 404', ''),
('ERROR 404', ''),
('ERROR 404', ''),
('ERROR 404', ''),
('ERROR 404', ''),
('ERROR 404', ''),
('ERROR 404', ''),
('ERROR 404', ''),
('ERROR 404', ''),
('ERROR 404', ''),
('ERROR 404', ''),
('ERROR 404', ''),
('ERROR 404', ''),
('ERROR 404', ''),
('ERROR 404', ''),
('ERROR 404', ''),
('ERROR 404', ''),
('ERROR 404', ''),
('ERROR 404', ''),
('ERROR 404', ''),
('ERROR 404', ''),
('ERROR 404', ''),
('ERROR 404', ''),
('ERROR 404', ''),
('ERROR 404', ''),
('ERROR 404', ''),
('ERROR 404', ''),
('ERROR 404', ''),
('ERROR 404', ''),
('ERROR 404', ''),
('ERROR 404', ''),
('ERROR 404', ''),
('ERROR 404', ''),
('ERROR 404', ''),
('ERROR 404', ''),
('ERROR 404', ''),
('ERROR 404', ''),
('ERROR 404', ''),
('ERROR 404', ''),
('ERROR 404', ''),
('ERROR 404', ''),
('ERROR 404', ''),
('ERROR 404', ''),
('ERROR 404', ''),
('ERROR 404', ''),
('ERROR 404', ''),
('ERROR 404', ''),
('ERROR 404', ''),
('ERROR 404', ''),
('ERROR 404', ''),
('ERROR 404', ''),
('ERROR 404', ''),
('ERROR 404', ''),
('ERROR 404', ''),
('ERROR 404', ''),
('ERROR 404', ''),
('ERROR 404', ''),
('ERROR 404', ''),
('ERROR 404', ''),
('ERROR 404', ''),
('ERROR 404', ''),
('ERROR 404', ''),
('ERROR 404', ''),
('ERROR 404', ''),
('ERROR 404', ''),
('ERROR 404', ''),
('ERROR 404', ''),
('ERROR 404', ''),
('ERROR 404', ''),
('ERROR 404', ''),
('ERROR 404', ''),
('ERROR 404', ''),
('ERROR 404', ''),
('ERROR 404', ''),
('ERROR 404', ''),
('ERROR 404', ''),
('ERROR 404', ''),
('ERROR 404', ''),
('ERROR 404', ''),
('ERROR 404', ''),
('ERROR 404', ''),
('ERROR 404', ''),
('ERROR 404', ''),
('ERROR 404', ''),
('ERROR 404', ''),
('ERROR 404', ''),
('ERROR 404', ''),
('ERROR 404', ''),
('ERROR 404', ''),
('ERROR 404', ''),
('ERROR 404', ''),
('ERROR 404', ''),
('ERROR 404', ''),
('ERROR 404', ''),
('ERROR 404', ''),
('ERROR 404', ''),
('ERROR 404', ''),
('ERROR 404', ''),
('ERROR 404', ''),
('ERROR 404', ''),
('ERROR 404', ''),
('ERROR 404', ''),
('ERROR 404', ''),
('ERROR 404', ''),
('ERROR 404', ''),
('ERROR 404', ''),
('ERROR 404', ''),
('ERROR 404', ''),
('ERROR 404', ''),
('ERROR 404', ''),
('ERROR 404', ''),
('ERROR 404', ''),
('ERROR 404', ''),
('ERROR 404', ''),
('ERROR 404', ''),
('ERROR 404', ''),
('ERROR 404', ''),
('ERROR 404', ''),
('ERROR 404', ''),
('ERROR 404', ''),
('ERROR 404', ''),
('ERROR 404', ''),
('ERROR 404', ''),
('ERROR 404', ''),
('ERROR 404', ''),
('ERROR 404', ''),
('ERROR 404', ''),
('ERROR 404', ''),
('ERROR 404', ''),
('ERROR 404', ''),
('ERROR 404', ''),
('ERROR 404', ''),
('ERROR 404', ''),
('ERROR 404', ''),
('ERROR 404', ''),
('ERROR 404', ''),
('ERROR 404', ''),
('ERROR 404', ''),
('ERROR 404', ''),
('ERROR 404', ''),
('ERROR 404', ''),
('ERROR 404', ''),
('ERROR 404', ''),
('ERROR 404', ''),
('ERROR 404', ''),
('ERROR 404', ''),
('ERROR 404', ''),
('ERROR 404', ''),
('ERROR 404', ''),
('ERROR 404', ''),
('ERROR 404', ''),
('ERROR 404', ''),
('ERROR 404', ''),
('ERROR 404', ''),
('ERROR 404', ''),
('ERROR 404', ''),
('ERROR 404', ''),
('ERROR 404', ''),
('ERROR 404', ''),
('ERROR 404', ''),
('ERROR 404', ''),
('ERROR 404', ''),
('ERROR 404', ''),
('ERROR 404', ''),
('ERROR 404', ''),
('ERROR 404', ''),
('ERROR 404', ''),
('ERROR 404', ''),
('ERROR 404', ''),
('ERROR 404', ''),
('ERROR 404', ''),
('ERROR 404', ''),
('ERROR 404', ''),
('ERROR 404', ''),
('ERROR 404', ''),
('ERROR 404', ''),
('ERROR 404', ''),
('ERROR 404', ''),
('ERROR 404', ''),
('ERROR 404', ''),
('ERROR 404', ''),
('ERROR 404', ''),
('ERROR 404', ''),
('ERROR 404', ''),
('ERROR 404', ''),
('ERROR 404', ''),
('ERROR 404', ''),
('ERROR 404', ''),
('ERROR 404', ''),
('ERROR 404', ''),
('ERROR 404', ''),
('ERROR 404', ''),
('ERROR 404', ''),
('ERROR 404', ''),
('ERROR 404', ''),
('ERROR 404', ''),
('ERROR 404', ''),
('ERROR 404', ''),
('ERROR 404', ''),
('ERROR 404', ''),
('ERROR 404', ''),
('ERROR 404', ''),
('ERROR 404', ''),
('ERROR 404', ''),
('ERROR 404', ''),
('ERROR 404', ''),
('ERROR 404', ''),
('ERROR 404', ''),
('ERROR 404', ''),
('ERROR 404', ''),
('ERROR 404', ''),
('ERROR 404', ''),
('ERROR 404', ''),
('ERROR 404', ''),
('ERROR 404', ''),
('ERROR 404', ''),
('ERROR 404', ''),
('ERROR 404', ''),
('ERROR 404', ''),
('ERROR 404', ''),
('ERROR 404', ''),
('ERROR 404', ''),
('ERROR 404', ''),
('ERROR 404', ''),
('ERROR 404', ''),
('ERROR 404', ''),
('ERROR 404', ''),
('ERROR 404', ''),
('ERROR 404', ''),
('ERROR 404', ''),
('ERROR 404', ''),
('ERROR 404', ''),
('ERROR 404', ''),
('ERROR 404', ''),
('ERROR 404', ''),
('ERROR 404', ''),
('ERROR 404', ''),
('ERROR 404', ''),
('ERROR 404', ''),
('ERROR 404', ''),
('ERROR 404', ''),
('ERROR 404', ''),
('ERROR 404', ''),
('ERROR 404', ''),
('ERROR 404', ''),
('ERROR 404', ''),
('ERROR 404', ''),
('ERROR 404', ''),
('ERROR 404', ''),
('ERROR 404', ''),
('ERROR 404', ''),
('ERROR 404', ''),
('ERROR 404', ''),
('ERROR 404', ''),
('ERROR 404', ''),
('ERROR 404', ''),
('ERROR 404', ''),
('ERROR 404', ''),
('ERROR 404', ''),
('ERROR 404', ''),
('ERROR 404', ''),
('ERROR 404', ''),
('ERROR 404', ''),
('ERROR 404', ''),
('ERROR 404', ''),
('ERROR 404', ''),
('ERROR 404', ''),
('ERROR 404', ''),
('ERROR 404', ''),
('ERROR 404', ''),
('ERROR 404', ''),
('ERROR 404', ''),
('ERROR 404', ''),
('ERROR 404', ''),
('ERROR 404', ''),
('ERROR 404', ''),
('ERROR 404', ''),
('ERROR 404', ''),
('ERROR 404', ''),
('ERROR 404', ''),
('ERROR 404', ''),
('ERROR 404', ''),
('ERROR 404', ''),
('ERROR 404', ''),
('ERROR 404', ''),
('ERROR 404', ''),
('ERROR 404', ''),
('ERROR 404', ''),
('ERROR 404', ''),
('ERROR 404', ''),
('ERROR 404', ''),
('ERROR 404', ''),
('ERROR 404', ''),
('ERROR 404', ''),
('ERROR 404', ''),
('ERROR 404', ''),
('ERROR 404', ''),
('ERROR 404', ''),
('ERROR 404', ''),
('ERROR 404', ''),
('ERROR 404', ''),
('ERROR 404', ''),
('ERROR 404', ''),
('ERROR 404', ''),
('ERROR 404', ''),
('ERROR 404', ''),
('ERROR 404', ''),
('ERROR 404', ''),
('ERROR 404', ''),
('ERROR 404', ''),
('ERROR 404', ''),
('ERROR 404', ''),
('ERROR 404', ''),
('ERROR 404', ''),
('ERROR 404', ''),
('ERROR 404', ''),
('ERROR 404', ''),
('ERROR 404', ''),
('ERROR 404', ''),
('ERROR 404', ''),
('ERROR 404', ''),
('ERROR 404', ''),
('ERROR 404', ''),
('ERROR 404', ''),
('ERROR 404', ''),
('ERROR 404', ''),
('ERROR 404', ''),
('ERROR 404', ''),
('ERROR 404', ''),
('ERROR 404', ''),
('ERROR 404', ''),
('ERROR 404', ''),
('ERROR 404', ''),
('ERROR 404', ''),
('ERROR 404', ''),
('ERROR 404', ''),
('ERROR 404', ''),
('ERROR 404', ''),
('ERROR 404', ''),
('ERROR 404', ''),
('ERROR 404', ''),
('ERROR 404', ''),
('ERROR 404', ''),
('ERROR 404', ''),
('ERROR 404', ''),
('ERROR 404', ''),
('ERROR 404', ''),
('ERROR 404', ''),
('ERROR 404', ''),
('ERROR 404', ''),
('ERROR 404', ''),
('ERROR 404', ''),
('ERROR 404', ''),
('ERROR 404', ''),
('ERROR 404', ''),
('ERROR 404', ''),
('ERROR 404', ''),
('ERROR 404', ''),
('ERROR 404', ''),
('ERROR 404', ''),
('ERROR 404', ''),
('ERROR 404', ''),
('ERROR 404', ''),
('ERROR 404', ''),
('ERROR 404', ''),
('ERROR 404', ''),
('ERROR 404', ''),
('ERROR 404', ''),
('ERROR 404', ''),
('ERROR 404', ''),
('ERROR 404', ''),
('ERROR 404', ''),
('ERROR 404', ''),
('ERROR 404', ''),
('ERROR 404', ''),
('ERROR 404', ''),
('ERROR 404', ''),
('ERROR 404', ''),
('ERROR 404', ''),
('ERROR 404', ''),
('ERROR 404', ''),
('ERROR 404', ''),
('ERROR 404', ''),
('ERROR 404', ''),
('ERROR 404', ''),
('ERROR 404', ''),
('ERROR 404', ''),
('ERROR 404', ''),
('ERROR 404', ''),
('ERROR 404', ''),
('ERROR 404', ''),
('ERROR 404', ''),
('ERROR 404', ''),
('ERROR 404', ''),
('', 'ERROR 503'),
('', 'ERROR 503'),
('', 'ERROR 503'),
('', 'ERROR 503'),
('', 'ERROR 503'),
('', 'ERROR 503'),
('', 'ERROR 503'),
('', 'ERROR 503'),
('', 'ERROR 503'),
('', 'ERROR 503'),
('', 'ERROR 503'),
('', 'ERROR 503'),
('', 'ERROR 503'),
('', 'ERROR 503'),
('', 'ERROR 503'),
('', 'ERROR 503'),
('', 'ERROR 503'),
('', 'ERROR 503'),
('', 'ERROR 503'),
('', 'ERROR 503'),
('', 'ERROR 503'),
('', 'ERROR 503'),
('', 'ERROR 503'),
('', 'ERROR 503'),
('', 'ERROR 503'),
('', 'ERROR 503'),
('', 'ERROR 503'),
('', 'ERROR 503'),
('', 'ERROR 503'),
('', 'ERROR 503'),
('', 'ERROR 503'),
('', 'ERROR 503'),
('', 'ERROR 503'),
('', 'ERROR 503'),
('', 'ERROR 503'),
('', 'ERROR 503'),
('', 'ERROR 503'),
('', 'ERROR 503'),
('', 'ERROR 503'),
('', 'ERROR 503'),
('', 'ERROR 503'),
('', 'ERROR 503'),
('', 'ERROR 503'),
('', 'ERROR 503'),
('', 'ERROR 503'),
('', 'ERROR 503'),
('', 'ERROR 503'),
('', 'ERROR 503'),
('', 'ERROR 503'),
('', 'ERROR 503'),
('', 'ERROR 503'),
('', 'ERROR 503'),
('', 'ERROR 503'),
('', 'ERROR 503'),
('', 'ERROR 503'),
('', 'ERROR 503'),
('', 'ERROR 503'),
('', 'ERROR 503'),
('', 'ERROR 503'),
('', 'ERROR 503'),
('', 'ERROR 503'),
('', 'ERROR 503'),
('', 'ERROR 503'),
('', 'ERROR 503'),
('', 'ERROR 503'),
('', 'ERROR 503'),
('', 'ERROR 503'),
('', 'ERROR 503'),
('', 'ERROR 503'),
('', 'ERROR 503'),
('', 'ERROR 503'),
('', 'ERROR 503'),
('', 'ERROR 503'),
('', 'ERROR 503'),
('', 'ERROR 503'),
('', 'ERROR 503'),
('', 'ERROR 503'),
('', 'ERROR 503'),
('', 'ERROR 503'),
('', 'ERROR 503'),
('', 'ERROR 503'),
('', 'ERROR 503'),
('', 'ERROR 503'),
('', 'ERROR 503'),
('', 'ERROR 503'),
('', 'ERROR 503'),
('', 'ERROR 503'),
('', 'ERROR 503'),
('', 'ERROR 503'),
('', 'ERROR 503'),
('', 'ERROR 503'),
('', 'ERROR 503'),
('', 'ERROR 503'),
('', 'ERROR 503'),
('', 'ERROR 503'),
('', 'ERROR 503'),
('', 'ERROR 503'),
('', 'ERROR 503'),
('', 'ERROR 503'),
('', 'ERROR 503'),
('', 'ERROR 503'),
('', 'ERROR 503'),
('', 'ERROR 503'),
('', 'ERROR 503'),
('', 'ERROR 503'),
('', 'ERROR 503'),
('', 'ERROR 503'),
('', 'ERROR 503'),
('', 'ERROR 503'),
('', 'ERROR 503'),
('', 'ERROR 503'),
('', 'ERROR 503'),
('', 'ERROR 503'),
('', 'ERROR 503'),
('', 'ERROR 503'),
('', 'ERROR 503'),
('', 'ERROR 503'),
('', 'ERROR 503'),
('', 'ERROR 503'),
('', 'ERROR 503'),
('', 'ERROR 503'),
('', 'ERROR 503'),
('', 'ERROR 503'),
('', 'ERROR 503'),
('', 'ERROR 503'),
('', 'ERROR 503'),
('', 'ERROR 503'),
('', 'ERROR 503'),
('', 'ERROR 503'),
('', 'ERROR 503'),
('', 'ERROR 503'),
('', 'ERROR 503'),
('', 'ERROR 503'),
('', 'ERROR 503'),
('', 'ERROR 503'),
('', 'ERROR 503'),
('', 'ERROR 503'),
('', 'ERROR 503'),
('', 'ERROR 503'),
('', 'ERROR 503'),
('', 'ERROR 503'),
('', 'ERROR 503'),
('', 'ERROR 503'),
('', 'ERROR 503'),
('', 'ERROR 503'),
('', 'ERROR 503'),
('', 'ERROR 503'),
('', 'ERROR 503'),
('', 'ERROR 503'),
('', 'ERROR 503'),
('', 'ERROR 503'),
('', 'ERROR 503'),
('', 'ERROR 503'),
('', 'ERROR 503'),
('', 'ERROR 503'),
('', 'ERROR 503'),
('', 'ERROR 503'),
('', 'ERROR 503'),
('', 'ERROR 503'),
('', 'ERROR 503'),
('', 'ERROR 503'),
('', 'ERROR 503'),
('', 'ERROR 503'),
('', 'ERROR 503'),
('', 'ERROR 503'),
('', 'ERROR 503'),
('', 'ERROR 503'),
('', 'ERROR 503'),
('', 'ERROR 503'),
('', 'ERROR 503'),
('', 'ERROR 503'),
('', 'ERROR 503'),
('', 'ERROR 503'),
('', 'ERROR 503'),
('', 'ERROR 503'),
('', 'ERROR 503'),
('', 'ERROR 503'),
('', 'ERROR 503'),
('', 'ERROR 503'),
('', 'ERROR 503'),
('', 'ERROR 503'),
('', 'ERROR 503'),
('', 'ERROR 503'),
('', 'ERROR 503'),
('', 'ERROR 503'),
('', 'ERROR 503'),
('', 'ERROR 503'),
('', 'ERROR 503'),
('', 'ERROR 503'),
('', 'ERROR 503'),
('', 'ERROR 503'),
('', 'ERROR 503'),
('', 'ERROR 503'),
('', 'ERROR 503'),
('', 'ERROR 503'),
('', 'ERROR 503'),
('', 'ERROR 503'),
('', 'ERROR 503'),
('', 'ERROR 503'),
('', 'ERROR 503'),
('', 'ERROR 503'),
('', 'ERROR 503'),
('', 'ERROR 503'),
('', 'ERROR 503'),
('', 'ERROR 503'),
('', 'ERROR 503'),
('', 'ERROR 503'),
('', 'ERROR 503'),
('', 'ERROR 503'),
('', 'ERROR 503'),
('', 'ERROR 503'),
('', 'ERROR 503'),
('', 'ERROR 503'),
('', 'ERROR 503'),
('', 'ERROR 503'),
('', 'ERROR 503'),
('', 'ERROR 503'),
('', 'ERROR 503'),
('', 'ERROR 503'),
('', 'ERROR 503'),
('', 'ERROR 503'),
('', 'ERROR 503'),
('', 'ERROR 503'),
('', 'ERROR 503'),
('', 'ERROR 503'),
('', 'ERROR 503'),
('', 'ERROR 503'),
('', 'ERROR 503'),
('', 'ERROR 503'),
('', 'ERROR 503'),
('', 'ERROR 503'),
('', 'ERROR 503'),
('', 'ERROR 503'),
('', 'ERROR 503'),
('', 'ERROR 503'),
('', 'ERROR 503'),
('', 'ERROR 503'),
('', 'ERROR 503'),
('', 'ERROR 503'),
('', 'ERROR 503'),
('', 'ERROR 503'),
('', 'ERROR 503'),
('', 'ERROR 503'),
('', 'ERROR 503'),
('', 'ERROR 503'),
('', 'ERROR 503'),
('', 'ERROR 503'),
('', 'ERROR 503'),
('', 'ERROR 503'),
('', 'ERROR 503'),
('', 'ERROR 503'),
('', 'ERROR 503'),
('', 'ERROR 503'),
('', 'ERROR 503'),
('', 'ERROR 503'),
('', 'ERROR 503'),
('', 'ERROR 503'),
('', 'ERROR 503'),
('', 'ERROR 503'),
('', 'ERROR 503'),
('', 'ERROR 503'),
('', 'ERROR 503'),
('', 'ERROR 503'),
('', 'ERROR 503'),
('', 'ERROR 503'),
('', 'ERROR 503'),
('', 'ERROR 503'),
('', 'ERROR 503'),
('', 'ERROR 503'),
('', 'ERROR 503'),
('', 'ERROR 503'),
('', 'ERROR 503'),
('', 'ERROR 503'),
('', 'ERROR 503'),
('', 'ERROR 503'),
('', 'ERROR 503'),
('', 'ERROR 503'),
('', 'ERROR 503'),
('', 'ERROR 503'),
('', 'ERROR 503'),
('', 'ERROR 503'),
('', 'ERROR 503'),
('', 'ERROR 503'),
('', 'ERROR 503'),
('', 'ERROR 503'),
('', 'ERROR 503'),
('', 'ERROR 503'),
('', 'ERROR 503'),
('', 'ERROR 503'),
('', 'ERROR 503'),
('', 'ERROR 503'),
('', 'ERROR 503'),
('', 'ERROR 503'),
('', 'ERROR 503'),
('', 'ERROR 503'),
('', 'ERROR 503'),
('', 'ERROR 503'),
('', 'ERROR 503'),
('', 'ERROR 503'),
('', 'ERROR 503'),
('', 'ERROR 503'),
('', 'ERROR 503'),
('', 'ERROR 503'),
('', 'ERROR 503'),
('', 'ERROR 503'),
('', 'ERROR 503'),
('', 'ERROR 503'),
('', 'ERROR 503'),
('', 'ERROR 503'),
('', 'ERROR 503'),
('', 'ERROR 503'),
('', 'ERROR 503'),
('', 'ERROR 503'),
('', 'ERROR 503'),
('', 'ERROR 503'),
('', 'ERROR 503'),
('', 'ERROR 503'),
('', 'ERROR 503'),
('', 'ERROR 503'),
('', 'ERROR 503'),
('', 'ERROR 503'),
('', 'ERROR 503'),
('', 'ERROR 503'),
('', 'ERROR 503'),
('', 'ERROR 503'),
('', 'ERROR 503'),
('', 'ERROR 503'),
('', 'ERROR 503'),
('', 'ERROR 503'),
('', 'ERROR 503'),
('', 'ERROR 503'),
('', 'ERROR 503'),
('', 'ERROR 503'),
('', 'ERROR 503'),
('', 'ERROR 503'),
('', 'ERROR 503'),
('', 'ERROR 503'),
('', 'ERROR 503'),
('', 'ERROR 503'),
('', 'ERROR 503'),
('', 'ERROR 503'),
('', 'ERROR 503'),
('', 'ERROR 503'),
('', 'ERROR 503'),
('', 'ERROR 503'),
('', 'ERROR 503'),
('', 'ERROR 503'),
('', 'ERROR 503'),
('', 'ERROR 503'),
('ERROR 404', ''),
('ERROR 404', ''),
('ERROR 404', ''),
('ERROR 404', ''),
('ERROR 404', ''),
('ERROR 404', ''),
('ERROR 404', ''),
('ERROR 404', ''),
('ERROR 404', ''),
('', 'ERROR 503'),
('', 'ERROR 503'),
('', 'ERROR 503'),
('', 'ERROR 503'),
('', 'ERROR 503'),
('', 'ERROR 503'),
('', 'ERROR 503'),
('', 'ERROR 503'),
('', 'ERROR 503'),
('', 'ERROR 503'),
('', 'ERROR 503'),
('', 'ERROR 503'),
('', 'ERROR 503'),
('', 'ERROR 503'),
('', 'ERROR 503'),
('', 'ERROR 503');

-- --------------------------------------------------------

--
-- Estructura de tabla para la tabla `img_cars`
--

CREATE TABLE `img_cars` (
  `id_img` int(30) NOT NULL,
  `cod_model` varchar(20) NOT NULL,
  `img` varchar(1000) NOT NULL
) ENGINE=InnoDB DEFAULT CHARSET=utf8mb4;

--
-- Volcado de datos para la tabla `img_cars`
--

INSERT INTO `img_cars` (`id_img`, `cod_model`, `img`) VALUES
(1, 'FO', 'ford_focus.jpg'),
(2, 'FO', 'ford_focus2.jpg'),
(3, 'FO', 'ford_focus3.jpg'),
(4, 'EN', 'ferrari_enzo.jpg'),
(5, 'FI', 'ford_fiesta.jpg'),
(6, 'EN', 'ferrari_enzo2.jpg'),
(7, 'FI', 'ford_fiesta2.jpg'),
(8, 'UR', 'lamborghini_urus.jpg'),
(9, 'UR', 'lamborghini_urus2.jpg'),
(10, 'UR', 'lamborghini_urus3.jpg'),
(11, 'MS', 'tesla_model-s.jpg'),
(12, 'MS', 'tesla_model-s2.jpg'),
(13, 'MS', 'tesla_model-s3.jpg'),
(14, 'KA', 'ford_ka.jpg'),
(15, 'KA', 'ford_ka2.jpg'),
(16, 'KA', 'ford_ka3.jpg');

-- --------------------------------------------------------

--
-- Estructura de tabla para la tabla `likes`
--

CREATE TABLE `likes` (
  `username` varchar(500) NOT NULL,
  `enrolment` varchar(10) NOT NULL
) ENGINE=InnoDB DEFAULT CHARSET=utf8mb4;

--
-- Volcado de datos para la tabla `likes`
--

INSERT INTO `likes` (`username`, `enrolment`) VALUES
('moisesguer', '2556HRM'),
('', '2363LKN'),
('', '2363LKN');

-- --------------------------------------------------------

--
-- Estructura de tabla para la tabla `model`
--

CREATE TABLE `model` (
  `cod_model` varchar(20) NOT NULL,
  `model_name` varchar(20) NOT NULL,
  `cod_brand` varchar(20) NOT NULL
) ENGINE=InnoDB DEFAULT CHARSET=utf8mb4;

--
-- Volcado de datos para la tabla `model`
--

INSERT INTO `model` (`cod_model`, `model_name`, `cod_brand`) VALUES
('EN', 'ENZO', 'FE'),
('FI', 'FIESTA', 'FR'),
('FO', 'FOCUS', 'FR'),
('KA', 'KA', 'FR'),
('MS', 'MODEL S', 'TS'),
('UR', 'URUS', 'LM');

-- --------------------------------------------------------

--
-- Estructura de tabla para la tabla `type`
--

CREATE TABLE `type` (
  `cod_type` varchar(20) NOT NULL,
  `type_name` text NOT NULL,
  `type_img` varchar(20) NOT NULL
) ENGINE=InnoDB DEFAULT CHARSET=utf8mb4;

--
-- Volcado de datos para la tabla `type`
--

INSERT INTO `type` (`cod_type`, `type_name`, `type_img`) VALUES
('AD', 'ADAPTED', 'adaptat.jpg'),
('EL', 'ELECTRIC', 'electrico.jpg'),
('GAS', 'GASOLINE', 'gasolina.jpg'),
('HY', 'HYBRID', 'hybrid.jpg');

-- --------------------------------------------------------

--
-- Estructura de tabla para la tabla `users`
--

CREATE TABLE `users` (
  `ID` varchar(250) NOT NULL,
  `username` varchar(500) NOT NULL,
  `password` varchar(1000) NOT NULL,
  `email` varchar(500) NOT NULL,
  `type` text NOT NULL,
  `avatar` varchar(1000) NOT NULL,
  `token_email` varchar(254) NOT NULL,
  `activate` varchar(10) NOT NULL
) ENGINE=InnoDB DEFAULT CHARSET=utf8mb4;

--
-- Volcado de datos para la tabla `users`
--

INSERT INTO `users` (`ID`, `username`, `password`, `email`, `type`, `avatar`, `token_email`, `activate`) VALUES
('eyJ0eXAiOiJKV1QiLCAiYWxnIjoiSFMyNTYifQ.eyJpYXQiOjE2NTI5NjczOTAsImV4cCI6MTY1Mjk2NzM5MCwibmFtZSI6ImNhcmxhbG9vcyJ9.XkVX_7eaQDNyiM0G60Tbc4Sc1Lh48IiJjR4FB6p46sY', 'carlaloos', '$2y$12$4zng7r8EBZWHsm3vdn7Fv.sDp5/nhvV3tVqCHQ/vmO6GMe/VUdYxG', 'sergibiosca22@gmail.com', 'cliente', 'https://randomuser.me/api/portraits/women/88.jpg', '5580481290c5c299256f', 'true'),
('eyJ0eXAiOiJKV1QiLCAiYWxnIjoiSFMyNTYifQ.eyJpYXQiOjE2NTQxODMyNjAsImV4cCI6MTY1NDE4MzI2MCwibmFtZSI6InNlcmdpYmlvc2NhIn0.J3KHv2b_9mtmWBfZc2lL8ewR32sEoh1ZorZR-cBRk0Y', 'sergibiosca', '$2y$12$JWoRrHCalETdoCO7Wj2Yb.N3rQTD5s92OMDPBHZzR4r.JFQvoPSdG', 'serbidaw@gmail.com', 'cliente', 'https://randomuser.me/api/portraits/women/5.jpg', '7e9d576ba005bcc641e0', 'true'),
('JCkLVXRlFCcvAAAZSHkixLqcPYz2_google.com', 'bioscar.soporte@gmail.com', '', 'bioscar.soporte@gmail.com', 'cliente', 'https://lh3.googleusercontent.com/a/AATXAJz8C_v67Mt8yEy-YRAV2Zq1BLrze-7KYlwG1EeI=s96-c', '', 'true'),
('sPA3YcG1v8P9NCNlC93e8cmegl43_google.com', 'sbiosca94@gmail.com', '', 'sbiosca94@gmail.com', 'cliente', 'https://lh3.googleusercontent.com/a-/AOh14GhNvBhrbee6SYJRmMohMFjOXN8q1wHNCgx22n4C8A=s96-c', '', 'true');

--
-- Índices para tablas volcadas
--

--
-- Indices de la tabla `brand`
--
ALTER TABLE `brand`
  ADD PRIMARY KEY (`cod_brand`);

--
-- Indices de la tabla `cars`
--
ALTER TABLE `cars`
  ADD PRIMARY KEY (`id`),
  ADD KEY `cod_model` (`cod_model`) USING BTREE,
  ADD KEY `cod_type` (`cod_type`) USING BTREE,
  ADD KEY `cod_category` (`cod_category`) USING BTREE;

--
-- Indices de la tabla `category`
--
ALTER TABLE `category`
  ADD PRIMARY KEY (`cod_category`);

--
-- Indices de la tabla `img_cars`
--
ALTER TABLE `img_cars`
  ADD PRIMARY KEY (`id_img`) USING BTREE,
  ADD KEY `cod_model` (`cod_model`) USING BTREE;

--
-- Indices de la tabla `likes`
--
ALTER TABLE `likes`
  ADD KEY `username` (`username`),
  ADD KEY `enrolment` (`enrolment`);

--
-- Indices de la tabla `model`
--
ALTER TABLE `model`
  ADD PRIMARY KEY (`cod_model`),
  ADD KEY `cod_brand` (`cod_brand`) USING BTREE;

--
-- Indices de la tabla `type`
--
ALTER TABLE `type`
  ADD PRIMARY KEY (`cod_type`);

--
-- Indices de la tabla `users`
--
ALTER TABLE `users`
  ADD PRIMARY KEY (`ID`),
  ADD UNIQUE KEY `email` (`email`) USING BTREE,
  ADD UNIQUE KEY `username` (`username`);

--
-- Restricciones para tablas volcadas
--

--
-- Filtros para la tabla `cars`
--
ALTER TABLE `cars`
  ADD CONSTRAINT `cars_ibfk_1` FOREIGN KEY (`cod_model`) REFERENCES `model` (`cod_model`),
  ADD CONSTRAINT `cars_ibfk_2` FOREIGN KEY (`cod_type`) REFERENCES `type` (`cod_type`),
  ADD CONSTRAINT `cars_ibfk_3` FOREIGN KEY (`cod_category`) REFERENCES `category` (`cod_category`);

--
-- Filtros para la tabla `model`
--
ALTER TABLE `model`
  ADD CONSTRAINT `model_ibfk_1` FOREIGN KEY (`cod_brand`) REFERENCES `brand` (`cod_brand`),
  ADD CONSTRAINT `model_ibfk_2` FOREIGN KEY (`cod_brand`) REFERENCES `brand` (`cod_brand`);
COMMIT;

/*!40101 SET CHARACTER_SET_CLIENT=@OLD_CHARACTER_SET_CLIENT */;
/*!40101 SET CHARACTER_SET_RESULTS=@OLD_CHARACTER_SET_RESULTS */;
/*!40101 SET COLLATION_CONNECTION=@OLD_COLLATION_CONNECTION */;
